Feature1,Feature2,Feature3,Feature4
102,435,860,270
106,71,700,20
614,121,466,214
330,458,87,372
99,871,663,130
661,308,769,343
491,413,805,385
191,955,276,160
459,313,21,252
747,856,560,474
58,510,681,475
699,975,782,189
957,686,957,562
875,566,243,831
504,130,484,818
646,20,840,166
273,387,600,315
13,241,776,345
564,897,339,91
366,955,454,427
508,775,942,34
205,80,931,561
871,387,1,389
565,105,771,821
476,702,401,729
555,161,201,957
995,269,862,815
270,455,461,726
251,701,295,724
719,748,337,878
52,791,921,216
763,187,379,492
40,156,14,812
64,856,838,520
343,128,647,471
62,138,498,592
391,674,418,288
378,772,489,230
40,27,134,200
839,779,929,32
47,502,406,573
727,804,98,683
871,725,986,546
960,738,612,942
461,642,768,4
217,502,766,397
870,794,392,206
14,857,553,891
460,690,574,863
742,240,563,95
899,733,484,406
230,748,654,170
540,35,524,159
838,698,242,85
795,577,681,556
573,952,645,795
27,619,555,339
797,957,330,639
505,347,472,230
189,224,384,376
282,957,632,627
972,744,258,358
709,455,410,648
317,676,224,818
233,683,663,974
826,373,671,607
471,232,691,112
829,496,441,563
267,509,806,385
386,112,612,624
951,80,698,112
1,641,219,565
854,996,735,224
384,402,637,129
52,683,729,671
709,415,246,835
438,202,183,122
400,766,293,279
836,883,609,197
981,906,510,751
143,608,200,123
186,325,463,348
770,659,763,954
931,402,345,962
510,146,147,863
710,819,488,928
935,639,550,337
871,640,778,987
952,472,945,150
414,989,297,610
262,763,143,345
623,571,880,1
896,303,253,651
452,36,159,8
232,98,658,815
207,130,403,151
53,119,672,919
627,586,624,967
419,421,103,851
253,226,111,509
